{
    "timestamp": "2025-10-28 10:06:54",
    "dataset": "CSE-CIC-IDS-2018",
    "time_steps": 10,
    "models": {
        "cnn_lstm": {
            "accuracy": 0.5102819588721645,
            "precision": 0.47537098685324153,
            "recall": 0.32792308889926824,
            "f1_score": 0.3881147068985374,
            "roc_auc": 0.5010303688435426,
            "fpr": 0.4991989672694774,
            "avg_latency_ms": 114.150550365448,
            "training_time_seconds": 29.070975065231323,
            "architecture": "CNN-LSTM Hybrid"
        },
        "xgboost": {
            "accuracy": 0.8760933078957798,
            "precision": 0.9550109115326506,
            "recall": 0.7749022202331147,
            "f1_score": 0.855580620904501,
            "roc_auc": 0.9507362883032147,
            "fpr": 0.03284888811066363,
            "avg_latency_ms": 6.972312927246094
        },
        "random_forest": {
            "accuracy": 0.8770979069317334,
            "precision": 0.9347071187060221,
            "recall": 0.7961316183767586,
            "f1_score": 0.859872009079159,
            "roc_auc": 0.9549760253873127,
            "fpr": 0.05004377517072316,
            "avg_latency_ms": 36.251747608184814
        }
    }
}